temperatura,frecuencia_cardiaca,consumo_alimento,produccion_leche,enfermedad
38.74835707650561,83.99355436586002,4.324821725025618,10.460962210613046,0
38.430867849414405,79.24633682912769,4.8554813292844825,15.69807494610249,0
38.82384426905035,70.59630369920174,4.207580079000039,17.931972332891778,0
39.261514928204015,63.53063222294426,4.69203847036096,29.43843828670095,1
38.38292331263833,76.9822331361359,3.106385333046214,22.78276562266879,1
38.38293152152541,73.9348538542175,5.213293707372938,13.322592154500544,0
39.289606407753695,78.95193220027733,5.001205475362224,22.430181447088184,1
38.883717364576455,76.35171801681969,4.182911368931809,12.263480055308172,0
38.26526280703252,80.49552715319335,5.659245668432405,25.413455269435367,0
38.77128002179298,64.64764788439432,5.937570137626558,17.64437674091061,0
38.26829115359377,83.17394065634326,3.392440135631026,19.531819056304144,1
38.26713512321487,71.975996046924,4.237275221433785,26.62898323771095,0
38.62098113578302,90.75260872625265,4.230857650212702,13.56418215707875,0
37.5433598776711,63.10812181910432,4.0600968988911355,13.014409074435044,0
37.637541083743486,87.3596380316525,5.829474841931749,17.082003368269977,0
38.21885623537951,71.97910783462648,4.8061738612271965,25.191894255096585,0
37.99358443983279,63.48581996385552,4.735485158689389,12.403269622615788,0
38.657123666297636,65.16114165945679,2.9961376355932465,5.839222009447155,1
38.045987962239394,66.7965269180568,5.635418030209227,17.744205707955008,0
37.793848149332355,74.24165946401916,3.7607416051465274,22.7587039995546,1
39.23282438446078,75.228354880355,5.059932630266328,26.001308748694147,1
38.387111849756735,64.26299996061421,5.277376937958191,17.684193189573005,0
38.53376410234396,69.75645407739017,6.360658595838651,17.942866964419988,0
37.78762590689327,91.42270358611864,3.691179600880888,25.769503671278734,1
38.22780863773741,87.27543170100711,1.9804878441791747,10.651291501522897,1
38.555461294854936,74.36323669674032,5.183849544753695,18.057396124084953,0
37.92450321128885,70.380034781682,6.800511181510854,20.95211944962529,0
38.68784900917284,71.20031326718261,6.238946352939437,22.24609360642517,0
38.199680655040595,76.13517972730416,5.209659415274626,17.450966534045588,0
38.35415312510336,59.77207434801595,4.508363814367953,20.172205058529208,0
38.199146693885304,67.42623462576655,5.80712259663731,7.5583632329350525,0
39.426139092254466,53.314159261224106,4.026453800295531,16.70875793833076,1
38.493251387631034,73.9922312260528,5.476357769356219,22.26754356277234,0
37.97114453552205,76.4719593970274,5.505470159166627,15.088529828726603,0
38.91127245605159,65.16813537700627,6.06020990749888,20.294921107947985,0
37.88957817501449,85.73986763290033,7.759660038911077,22.23436250401349,0
38.60443179750238,57.74234336997659,5.392415967178767,18.287253995711175,0
37.52016493806011,55.3562511979018,4.491036374292501,20.852318854982855,0
37.835906975550785,72.24451818559972,4.974425687808005,15.186337173576938,0
38.59843061793456,80.47098302612154,3.2309240951108817,18.966943601519766,1
38.8692332899977,86.83927691457869,4.305286868910942,23.051080847946114,0
38.585684140594985,65.4111573713106,4.590717561886896,20.784864804842172,0
38.44217585880588,80.78680833431295,4.475911602065407,17.067343652180323,0
38.349448152205355,69.61491530499293,5.152354872033722,21.121082021453965,0
37.76073900481629,68.2737270005918,4.177580067617799,23.57304895318309,0
38.14007789580265,78.83659937486672,6.121030667324471,9.75029360711261,0
38.269680614520105,76.52322878413419,5.000207064918197,25.79537032477949,0
39.02856111310946,54.236078430157505,4.990699678861386,18.31872630659464,1
38.671809144784234,84.76540349725896,4.672105283487082,22.12744966620115,0
37.618479922318635,83.80091354147451,5.155190683858979,25.98623461822614,0
38.662041984697396,63.74437298490471,5.825098264667635,13.14163151384767,0
38.30745885979184,73.95803533437409,4.1328697842891,16.452794987862266,0
38.16153899984702,74.94030186282738,4.341883510924744,18.557256520621475,0
38.805838144420434,72.60673765823907,4.696273971223335,16.081232394377857,0
39.01549976124797,64.4969484615458,3.654129076526785,28.67468287918404,1
38.9656400595581,63.283766320619485,4.180742140278502,15.716139530866037,0
38.08039123838868,69.74445929008554,4.523779126455341,17.222266102565666,0
38.34539381207439,81.72729019259364,5.874389180712727,21.021945158014884,0
38.665631715701785,75.43600154594432,5.262561329001925,13.989252369619557,0
38.98777256356118,66.29385667913894,5.193589911367544,18.02159644121868,0
38.26041288107736,77.71698710648344,5.850897962167972,21.587266306250875,0
38.40717051166809,41.51457379369924,4.862628211600604,18.335697978087445,0
37.946832512996984,81.48765700372104,5.39046484992889,19.53306570550026,0
37.90189668795966,52.60286221221901,4.896778247067504,17.353339437758144,0
38.906262911197096,66.37559058596868,5.265362349399629,12.427648454096165,0
39.17812001428541,58.803301053738565,4.417241342388418,21.607966056696192,1
38.46399493920983,57.053185242790946,2.561182841723571,28.774665358236206,1
39.001766448946015,81.6082678737852,4.865720837813696,20.09200815391719,1
38.680818012523815,65.32298798688109,6.4227481360999406,21.126320586237746,0
38.17744012269744,73.46503881730716,5.926215402241592,23.463613775584296,0
38.68069780275421,69.53079421120816,5.965397484591171,13.653347517266504,0
39.26901828323298,74.77040827223121,6.236130721806218,28.512573290648028,1
38.482086980445025,70.76821891060256,5.0886575909614375,21.01164398211401,0
39.282321827907005,57.1700777581143,5.197315707405596,28.159284495445544,1
37.19012744795513,79.9626681944714,4.38234810456565,16.334835022380055,0
38.91095125218761,65.06243416838687,4.683927143972951,29.090309612789124,0
38.54352353411909,54.434181013402494,5.615771149771142,23.875777470173915,0
38.350496324767064,65.71884839034088,6.203884437168816,22.765200429261792,0
38.545880388267754,85.00759790634311,4.860553724319001,21.17012227176574,0
37.50621554269955,78.50221742113493,4.549810735148588,18.757356909627752,0
38.39016405608125,66.5134786559214,5.000527958856598,26.00265829236936,0
38.678556285755874,66.50742295681572,5.601206748929115,20.701799349240236,0
39.23894702237076,66.78364948782617,3.556145183866458,10.164651482064238,1
38.24086489086318,90.76747983560841,2.703819046862762,14.414067691464988,1
38.0957531985534,73.81935452231554,4.449463150508416,19.070771239036265,0
38.249121478207734,74.3004164719107,3.779287574085841,21.549994915827774,1
38.957701058851036,80.30283454031843,4.491859802352689,19.71705755550052,0
38.664375554829846,72.38789159026514,4.852219681182529,26.094853948968314,0
38.23511989811648,67.40957854179297,4.546751590976987,10.244490679806876,0
38.75663371655668,68.03650150915021,6.452467534470745,20.717939682525802,0
38.54853877467402,69.28398740585936,5.32674476460232,10.910103873064227,0
38.98432249526645,69.62777763490159,5.300474359610829,23.79856147742084,0
38.14897345306132,77.2762954363698,5.622207144043402,19.527706427789987,0
38.33616892670111,70.519458858073,3.861166882219231,22.09804986012059,1
38.30394592343392,77.3264007721558,6.039111787420269,15.680585197051169,0
37.76824252593394,69.19283419891417,4.92423571346454,26.397324658288756,0
38.64806013853229,70.7863519031609,5.670480617241212,25.208623320294258,0
38.630527636089944,50.01799315467892,3.9281427669598443,22.917721515059437,1
38.50255672832123,79.16327674702481,3.446241233983936,19.352413765682797,1
38.38270643331243,73.46488475897992,5.817889658025028,22.899286426475662,0
37.79231462897479,79.98010109859652,5.376409526097516,16.465537160063256,0
38.289677338617324,41.03744621806311,4.09794844564249,24.27777829510356,0
38.328642741736616,90.88374704780728,4.130336918725305,28.247404471619603,0
38.09886136538919,68.60410371844826,6.12543478441477,25.35305279989593,0
38.419357144166995,81.08182816737516,3.810588107132672,16.351987650962954,1
38.70202542840727,59.60094072874469,6.642672953255963,21.807086586365514,0
39.44309295060526,76.12773905062569,4.099379265352131,13.534292281206762,1
38.58728890641592,59.46584436826344,5.638391925608383,22.861951555878377,0
38.628775195361385,63.76231039304195,4.671381524251015,22.253017064312694,0
38.46277704211692,89.14031353866787,5.603187431082343,10.65091830233918,0
37.54061439235048,68.09317599236654,4.455885997885807,14.191080780438181,0
38.486743062275394,72.17432873179723,4.837207093927706,18.584305516281166,0
38.53011510497051,78.70067730688754,5.040919175395721,18.495701264295867,0
39.731621056242645,74.95681887972604,3.9978125442185273,13.952615322905974,1
38.40381951760944,71.50418905143576,5.740824345420126,21.944893646760917,0
38.6507736711668,73.64961002466225,4.486786433528414,21.25736804470256,0
38.48264411514738,94.03415585238275,4.771400084659981,19.028654340107405,0
37.915660981190236,69.42381202966415,4.005650625391488,16.221042499208185,0
39.07141140725751,72.01099046714967,2.4376663412046895,25.243535632082818,1
38.87596651634339,80.50654396007612,4.808972237399831,28.277035565441476,0
38.895515973521526,81.05525932957984,7.412615421612916,17.582192580767316,0
38.04530627260263,81.8703030556038,5.7846042878980235,16.939165414225897,0
39.20139715546805,76.38730222029184,4.980739620265606,22.456038327059982,1
37.79907446860386,58.569950872695166,4.737109170791732,18.209853101265068,0
38.79342854690014,86.33431532301096,5.022465892812046,19.30301399668383,0
39.59522781290499,58.53654606981312,5.54711911517521,23.698265758623357,1
38.004731837434655,73.02635465239034,3.819187184691155,10.453219562463536,1
38.21685113519862,62.45724149980642,6.114321694668872,26.591511624263347,0
38.54982568254382,69.35861653407008,5.715381315441244,20.363402621646706,0
38.2482621729419,73.2876241030348,5.718185725707935,17.9425342771891,0
37.72466828446694,73.21357215450273,5.438475738809728,19.553829228892756,0
38.534281487403014,74.21920754235285,5.01961665769399,19.812146775102594,0
37.968848143136945,86.13711269058646,5.67286123596682,11.343993482775373,0
38.73679621531759,74.5353430151398,5.591814133741378,27.47469113726618,0
38.0402878828831,67.55843364709351,4.645959289058976,20.20662816135309,0
39.27496720250877,79.64087168288357,4.426398227103099,22.215010652236877,1
38.10837335383188,81.89470488924641,5.101856295261987,24.757748852870215,0
38.33896924189716,57.72392184863008,6.549020151495188,14.894187712198498,0
38.90675860868483,75.97400069849859,3.7608929243460993,22.367359495176142,1
37.884567841783024,77.01172742310898,3.53247473424756,18.661794545506034,1
38.61372996730206,67.02436496640009,5.164760841236517,24.23385387608247,0
39.15357137714121,83.75706813311619,5.050887701856018,9.363862898242523,1
37.696258382719385,68.49944412967473,5.173341664370408,19.504528498793654,0
38.592316929266154,71.25576453471542,5.243953197908501,16.98589672108019,0
38.62994139712421,68.26928175716131,4.776797745365195,22.161314753170778,0
38.890911435888654,70.15579047581467,6.489863438602082,22.350220936841012,0
37.88152464456096,59.037249131047986,3.3990960215234844,16.46187052588987,1
37.83977169345786,55.59949117405706,4.171502975219754,16.43913067911978,0
38.76097078280845,85.94505063224972,4.896745239850953,19.446673157213354,0
38.64849233661659,61.53038651681672,3.3568111888458327,15.516788863423958,1
38.62524642517294,60.08607650543693,4.824145595567929,24.209918477260636,0
38.673224104748485,48.466098863962856,6.661470165728018,18.15396399776277,0
38.159987639210755,63.610382523104974,5.020886488295962,5.4650589033917925,0
38.6161268485805,56.76910206592502,5.230700905718684,18.12588971689097,0
38.64653623664934,86.4201516013637,3.73983523482742,14.807280895780139,1
38.142824290986816,80.09817089342634,4.383638591960523,11.843620922695273,0
39.432887255572375,63.118496548222765,4.624803619676063,13.812866808887136,1
38.736916460455895,92.52435805344308,4.682284903243766,20.547042359164852,0
37.90434825139867,79.81765486991594,6.2816437950037685,26.643204141241156,0
38.828276804316914,66.75168616491378,5.557691060725125,21.565922369324902,0
38.01265916488634,45.005942851264265,3.888542043062968,16.967483058921303,1
38.89354230187123,92.90942572590743,5.246504778432005,22.279520975853515,0
39.079297789503705,56.10427533236404,5.4982217484967855,17.70454844890504,1
38.08965884082414,53.546012530431085,6.140149038521266,16.526998154184277,0
38.98168806462216,80.2257043200964,6.580540686568374,14.228186658835078,0
38.706390463468246,94.39752406339272,3.9849058081721314,11.240855966241405,1
38.911030079997246,83.84272818510519,4.1891424887896616,18.050381467202772,0
39.448396491326974,75.6390912005236,3.7424221410853837,20.79026744960066,1
38.377305941998564,75.94754341665286,4.765980140893019,19.51688164992555,0
38.123131917821254,78.53415558780307,5.466358374446335,17.920165360263205,0
38.05524278518724,77.58928589786765,5.987334516589102,15.271269696516095,0
38.09209485751728,72.81191423969376,4.9240489763574775,23.041230958424844,0
38.461449145292946,71.04201103951875,4.680152476745156,13.414340400267076,0
38.67057598740832,69.37406872100478,5.15175799224874,23.880139569217377,0
38.638345399665006,62.46035411133324,4.164857098369977,14.988914905366375,0
38.91359162451801,67.19324923133226,7.089538721694773,16.237823813234826,0
38.50650094593895,53.07043185804615,3.3923389728819413,12.666074046921615,1
39.22676703857866,69.0166037320525,5.184740578895725,17.492989265571815,1
38.367671583381025,60.11408892849083,7.02360621922964,24.876562292389895,0
39.86008458329481,58.964106827842286,5.006799844559998,22.578140442219784,1
38.8128336738825,71.79894151153478,4.809960964998505,24.892110560140175,0
38.07142122179186,83.920022863446,4.642554577189573,22.61071272966968,0
37.96455375096944,79.18316606002313,4.819608318237592,14.481650857348153,0
38.74123620762159,54.29499396376823,6.37284847467653,18.346053878362213,0
38.388268607337075,60.10371863429663,2.788138088670493,16.099004354412685,1
38.857000247046045,79.40771187988216,6.5334337012963255,26.6528745201952,0
38.73661881228677,60.175126064616904,3.576042847549855,14.016056767868442,1
38.46358554367156,67.75366850002976,4.7333476707655855,24.468488446945553,0
38.076603140965794,75.50052099024552,4.570755579701338,24.464769350543847,0
37.74257638765707,60.31655545136365,5.58855326977072,29.148101008580436,0
38.27674252396649,71.0537550614596,3.4018756481162526,17.951567036852513,1
38.928199397161734,56.65974505081795,5.462172666081943,23.561610797900812,0
38.607046872065105,63.98632356048786,7.024309623286852,31.408259182694213,0
37.87713061064401,73.19781934142537,3.6368259954071895,16.911791615331516,1
38.58659046292559,54.070062664683306,5.189706167610396,12.324798762338201,0
38.692658689864416,74.40474737960399,4.3380178222033905,10.599949830461181,0
38.05807128189943,69.80362201073319,5.425887206193035,23.563560144306656,0
38.57686255297276,75.52489954417148,5.0191477774157525,10.58424895970708,0
38.529104359223,72.23914134064661,4.35851309095569,18.138404735310385,0
37.928514851084685,83.64140429973844,5.487872284871074,22.186565935194803,0
38.67889368017414,71.25224502647907,6.804348109786743,20.92587768414957,0
38.78039226318412,65.70594458874747,4.809096208272702,22.12722432092086,0
39.04152562158764,71.22297503032284,5.719757942148182,21.11144927900427,1
39.02690102601745,75.43298029036387,3.7067270421288363,26.394329066566968,1
37.81116531602145,70.48860070325705,4.043563623181991,15.238418096306015,0
38.03108748004244,70.40591691203882,5.472406277880378,16.615024307707344,0
38.75751763360433,62.980083121932445,6.484116028535965,16.13670277364588,0
38.756892975456104,63.37099082449052,5.35561334878566,24.150959059313053,0
38.757523843153024,55.97394728200307,4.6869419694768455,24.501992941975317,0
40.42636574532736,87.4957674318694,4.999291405423354,22.25612659659254,1
38.78544525534658,57.56136764608715,3.7495922660302825,25.917468334449637,1
39.0677828200903,63.07094802204092,5.604515326355367,14.109795663118096,1
38.9770008817466,62.81592734430802,5.88233306232341,28.336120557755685,0
38.8256956256529,78.94924376944441,4.54790966716692,27.61619310856129,0
38.342365377679826,67.05050321707972,4.529957852240498,23.678109986228733,0
38.879484610246635,82.47742072673734,5.265878229652048,28.9089945438553,0
38.11358739273121,63.26509375756132,4.563280263959404,11.716883961611131,0
38.38159069663,72.78994162223802,4.933867385374177,17.377759318686742,0
38.257318226085445,61.64652946740243,7.099721789166516,16.32348269659024,0
38.540937069693165,91.45149127773388,4.752974299254003,23.607396618786716,0
39.65732928333676,58.12401580970487,4.641659847978778,14.749296301989272,1
37.56636740370413,73.09820710227028,4.352458194364841,23.787475746687427,0
38.843130095187256,76.33776880932099,5.744191971499937,26.852680719983567,0
37.693642064405175,74.13799097451498,4.818775826781897,23.476014500419996,0
38.264034067105285,68.14712341122292,4.350626961678574,21.418755118307505,0
39.04447529848368,68.70179300266574,6.321304032273012,15.060633295496254,1
38.53214000954773,70.4381147197911,6.419603004513637,15.765745169373176,0
37.961127611035344,68.52997998371511,4.399576434261295,26.248094526483335,0
38.142348145370015,79.6387911679491,3.1334600486393835,23.896745019526662,1
38.83979887446734,92.10523001591352,6.007513689836922,19.80490240311228,0
38.134816684141434,64.42508214992166,4.315370174239996,17.91045227117055,0
38.60822929479099,56.301970204209226,5.790625599162769,9.870960634443115,0
38.52278591995191,69.11717951648745,3.0298961822881645,14.645737906577807,1
38.17419982619709,95.79709337654319,5.892597338299309,29.557095435698617,0
39.571972044662665,61.963254320302696,3.7888280707192186,13.597722144987667,1
38.816959511159006,86.39116805444067,5.730764119066524,20.947399106105404,0
37.487428706671196,86.77700814076441,5.0142730678364344,25.03721986597599,0
38.59322715738471,64.46411758292005,4.046060580603355,13.725386659988537,0
38.16910676761581,75.68983079185276,4.59296368707322,20.923552373905416,0
38.92621666739811,86.28396623128538,5.686318456956701,24.689577687553275,0
38.10373963078365,66.20872259012513,5.105894453115234,20.06249660953625,0
38.44263177926655,67.96419639897638,5.584412980472484,34.34201527833384,0
38.752493639490226,64.18319086051356,6.976440584515485,11.657003705609023,0
38.93287759708506,59.852432693071336,3.4357583882889484,25.293642649419397,1
37.89985179647211,63.50722454933993,6.617212574968624,19.135991313017676,0
38.33274938207953,57.760597332377436,5.104355937523213,23.859600774183377,0
38.262527344419524,70.34083468259226,4.101215951676872,22.20653575849623,0
38.173335383713145,62.30026768941358,3.66968637426101,16.334219014450017,1
39.38272712014055,72.33785911790747,4.810879609222966,21.1449819622967,1
38.70249085548048,54.44104353796373,5.92165011192446,10.710492743008563,0
37.86955802283248,73.30880232214457,4.872450879622466,23.016237502856967,0
38.95893097352739,78.33528961608924,6.511154930247347,21.49079232995263,0
39.561078098506314,50.062643574285445,3.548824309948441,23.19330084321551,1
39.016232630275574,73.74056569847572,4.987911052153946,25.290591625435752,1
37.74031501702299,82.27668992473292,3.7476065555868807,21.838099201048554,1
38.25788296356687,57.90358981308795,5.363631882624968,20.740447098991382,0
39.13345557459331,86.72572386837703,5.8868873900973,15.59465831669354,1
38.14616526719061,74.19019009366045,4.579238206318947,16.438896181754746,0
38.721909714073114,62.949881442415915,2.3957861433728658,25.933673100886654,1
38.88731702671467,69.44230922342294,5.198948146796495,27.181677028529894,0
38.036534764210955,75.58326912521723,5.43673855173351,18.80944781843973,0
38.4702373219691,70.76005391412411,5.404294754961698,20.230013736266372,0
36.879366329965464,75.38755992446369,6.235782191822154,15.476928125031169,0
37.98780617933286,60.79326406920634,3.928946320350951,25.863784226337224,1
38.37371592430342,71.69360824036077,5.68021610545045,23.32708411845889,0
37.876108409017576,55.8628550309502,6.192507512477975,29.706087182318747,0
39.31620565196582,68.88773938651299,3.221412415993483,15.608384614101306,1
37.78492931101968,60.960923585352106,5.319651825918977,18.109960504908916,0
38.279977756651505,62.64470057410233,4.495820168992329,21.157229612627862,0
38.565370288643045,82.36093175210438,4.918477326898354,23.232447688628852,0
39.22063664453306,80.9131012059427,5.347676483538336,18.92166181226184,1
37.78206892441028,76.09138120907177,4.512771435886448,15.635194547731498,0
39.08158187607748,59.07687235327421,4.324291920838388,24.407037644617855,1
38.505116530509795,66.83591550305198,5.034152417488024,23.605676812727907,0
38.00924567447603,82.13097699979184,3.912754061137197,15.418629497181374,1
38.73105173713164,71.41716913639905,3.9141748711148145,26.77721400552748,1
38.599529847786734,93.19329539981695,5.679373282956504,25.85099354598302,0
38.1998915614206,73.93317839394372,3.851205964841344,20.671482486238965,1
38.53490104249501,71.92049116490031,5.666312500909212,20.39798931188018,0
38.30734320156912,66.908835357975,5.4625912928539515,22.770288855579537,0
38.55675867262563,71.33540904782282,3.2741932712094033,15.69148464871871,1
38.831065337260526,68.47530163619456,4.322435347664345,20.15015739582041,0
39.29300840807267,77.0810867668859,6.1941094030473725,9.2380822769541,1
37.881092250586576,79.56702316794585,4.018834468860319,24.38227822751468,0
39.56651668732813,62.140105394920504,4.535595737690612,12.192533887790702,1
37.52395610023875,56.68767046442222,5.462060893251897,27.517099142144996,0
38.42410745248221,51.637946268967035,5.7833905092825955,18.349399530167748,0
38.79415860324229,75.07991326912544,4.748461113955504,18.941665090344117,0
38.64049593386752,58.966333938261265,4.402489805308359,16.86133046957747,0
38.1886502400897,48.471094070475175,6.422369861698508,18.55980563038962,0
38.39593887482136,73.88578604530964,6.738899663797579,27.092656725740184,0
38.25349953267058,94.9299951743279,5.978858050781795,7.560956717324602,0
38.2053176215279,69.93929088460106,5.085318142565024,26.384826930440937,0
38.92480104851051,78.38490774451643,4.191734278359074,21.69011740550854,0
38.678507742982525,70.81829358547564,4.169555593443435,13.964891760713922,0
38.15354520236967,69.01110346808858,5.522514105265757,14.62343803475381,0
38.94979993771663,79.19076482987768,5.418398220888684,28.381965136041018,0
38.653649760438306,67.09725455811349,6.40159859294643,15.272465600286344,0
38.90643105941948,72.67392314071903,5.650450092536139,14.233247447020203,0
38.81481442096181,73.21697806196013,3.4969196982401822,25.686572711823647,1
38.085502494538964,63.31909546356951,6.051947617722918,21.692764381429573,0
38.21990947990152,79.92042349536523,4.001939372685587,15.310372117318007,0
38.87364680256163,68.25040243304592,4.616028728047649,21.083124877023096,0
38.80518513271673,62.442548405071555,5.250200206251694,14.871236581798613,0
38.48954920301792,75.36509843570404,6.995667489783965,25.504106992113027,0
38.55866369165439,61.015320182089624,8.109918556005361,25.30685482436567,0
39.13883244789421,70.28181157369129,5.606723059136183,22.660030994109714,1
38.204214305582084,69.90881003355797,4.8168033812796125,21.808305306235084,0
38.77354869058502,80.85895565831578,5.53450564848055,28.80594062433687,0
38.39890367378305,74.74698232879953,5.887655425873836,19.998431636941127,0
38.39115939838639,69.74973041254856,4.679332374442808,14.090629372895993,0
39.0493884259936,78.17766299200287,6.795211355912322,22.247369564161534,1
38.912708174494014,83.90207549017313,5.230070759191402,30.43023524768557,0
38.906754818000316,75.57810306351863,5.4977430890913945,14.92620253407074,0
39.152739403577165,70.10352619843381,5.665924252054461,18.19268616653007,1
38.51050192081638,56.8816376764984,5.4215866106144555,22.082230190507264,0
38.84097648564748,59.348863369246274,5.838940500469612,19.730475754971305,0
38.344866621703275,66.94775295645333,4.3827468134530765,15.088482098113428,0
38.662083176244224,63.90487797840717,4.44169824605397,25.609289281152353,0
38.43492847281616,68.13028697014553,3.899845767028305,31.600203610086297,1
38.54849798249636,70.56649924897107,5.439501230620227,20.980657295119535,0
38.79757851271846,75.2969275435673,5.778936503512114,15.479658551319998,0
38.09088965838326,69.29501221940909,5.457772866151886,12.255197374732624,0
39.54619363784273,74.86501643826202,6.674492433347537,21.289879906105906,1
37.99699130925015,70.6447441481012,4.9944039811709535,25.519386716581288,0
37.89290569360613,50.24533433646128,5.6687416555925125,22.375838732476907,0
39.07905543675003,60.606646061812455,3.9082991238606857,19.98798079540573,1
38.89583134698147,68.55912444278384,4.612900297525599,17.053641741053468,0
38.81205990852608,57.90305257158892,5.695537757565777,14.53918183640955,0
38.81417275463214,75.99928729996205,5.849102110743144,24.17375663162441,0
38.493876613576546,85.30750832343698,4.706033052335818,24.568858106927927,0
38.051372814257086,82.18761851697317,4.928400748141933,12.271351066546334,0
38.53790227909686,67.86557129069791,3.4821262533191906,27.94919489090342,1
38.16141914424394,84.90726136849952,4.642970799193391,22.870356104470005,0
38.98755986670888,71.48667457202112,5.890383163519786,26.997973225728966,0
38.42647130924893,66.62914028881961,5.575205016106566,13.289361257574424,0
38.087251401603744,63.8659733645906,5.50066572138121,13.170879222922807,0
38.3393070791735,66.97530313511872,5.04977368718096,19.255153451163515,0
38.70646572713781,66.11823181458772,5.007063158628177,22.51392213447597,0
38.21813772359801,71.70416222375488,4.339678860526553,28.98180411463482,0
38.088889802216784,71.60573981049865,5.698828420202535,23.530394569075657,0
38.62184360574596,70.03046020153414,5.42097294438939,18.786593615939832,0
38.62248328555436,74.3693816974635,5.492018847992799,14.86815396167054,0
38.24652841231443,81.90646274786342,4.47396515733242,26.150002863595752,0
38.26448084719084,79.49554135441323,2.8466570801287556,15.176472871246425,1
38.616024968678815,55.151020315500965,6.097152711753695,28.142342773861607,0
37.77595782925134,44.46078865098045,4.521162543991596,18.578076751967455,0
37.796268112811724,79.34319911239274,4.13722423595688,27.952910363089252,0
38.14077788937378,56.33121301584579,5.693478911913994,23.39465645029639,0
38.39327642414408,67.75234598107316,4.6079873600808705,19.31502255278771,0
38.655453782799,58.298869739406406,6.059936384046622,17.403018140869367,0
39.237678108474775,51.9801956241998,5.617005949576697,18.2954606132696,1
38.92882981160101,75.41462728204787,5.683569323200477,22.141583461876188,0
38.42003073501829,77.59155160302647,3.6340442887994655,20.385782481088583,1
38.49049189604865,64.2348959927328,6.211943985386401,17.030942959656475,0
37.998735317681096,44.0895770785509,5.261250531233856,19.17184294841184,0
38.4907434320038,64.53755551747517,4.630722860753797,20.39288514859575,0
38.35567068053993,73.91804005402547,5.143388467342251,9.35632952792594,0
38.661359280169044,55.21088431225871,3.22376476710168,22.290840573943495,1
38.08638452822384,71.83359919779156,5.408652811480671,15.101393876415965,0
38.75967325712059,69.84690150827005,3.970628491817928,14.233337983971275,1
39.26636945650129,75.79291499601088,3.6473297141564656,11.56327826444645,1
38.445619925771574,71.19580368414154,3.477640813782109,11.03053751066055,1
38.70085586104947,60.26931059118444,6.112688374989926,13.222762484438555,0
38.845071995855555,81.96571501664491,4.3707366063072115,16.45489521184755,0
38.29938976405708,68.4147042697303,6.5337277099165,29.76629568763284,0
38.61204624090521,69.72695460490068,4.464198536947702,17.37060162052398,0
38.5062962003909,60.667320409268044,3.2926420424070533,20.888750531340158,1
38.548838049274416,65.5671774880849,3.883475560051341,22.002406932531642,1
38.113495108072264,61.15197285973099,6.235811620006938,20.655325931079243,0
38.512255087129475,68.27053940076577,4.844101822063332,19.612782696370033,0
38.748999145622726,87.11708480142343,4.451712703509399,14.023531182003776,0
39.22557180389752,56.28098857068643,5.160018225852788,27.25463774139606,1
38.9796354130426,53.86438602123259,5.501782736167545,29.035983218189426,0
39.57659122875578,84.71170327493608,6.117398815902461,11.586706529386571,1
38.116326218555976,67.90676322848134,6.448499229892926,14.879857045568102,0
38.936160318360336,63.309272613400836,4.640231354210914,18.60094828811497,0
38.59167100286918,80.39904687396077,3.6739523139179617,15.177311025449043,1
39.59490146660884,63.94384460263136,4.586534838876724,22.529827767279325,1
38.095850857322425,88.26009713546937,5.260280506582886,16.358638987966934,0
38.08013907890961,76.7792587133927,4.036241073789389,30.825280339033014,0
38.20030367727799,65.12088591854297,4.042849085104957,25.95274297171798,0
37.4380521378451,91.57308213265503,5.343787881549885,21.062870153161075,0
38.23712248915962,63.94285076996662,4.951347648429548,25.13493131659866,0
38.120433669223154,77.42095372009307,5.032796995411586,25.529502121786543,0
38.5751968932381,72.99292580406492,4.241504665299931,17.180262559708783,0
38.67087798788858,83.01741289398798,4.769599285794233,15.918913777290175,0
39.438085419607944,85.61511196726853,4.075766855731696,20.390715314848237,1
38.97521191909303,70.32004149065767,5.8901984111247865,24.308180622489722,0
38.2115481721688,62.46582129653817,6.035249334723753,20.695301993267087,0
38.05079266432582,74.59972142939117,3.153812137761906,12.115017589045014,1
38.745959585753255,63.22284630247894,4.07048913980759,15.985877780245788,0
37.83988339648968,90.13387247526623,3.503470744909921,19.63013568202811,1
39.415729382927175,71.36535331082737,4.3499760655931015,19.62167197837085,1
39.08972006036064,66.34678448687892,4.916562030209639,29.862710883949042,1
38.265412173947645,71.84680305864909,3.55035478030147,13.07006028800501,1
37.64343273545456,56.52873710470303,4.078140186874687,22.527946209179373,0
39.17693618708271,60.28385961489349,3.9960426279185013,27.44556554164145,1
38.44273007737369,82.00413907944426,5.2072673293989435,31.35724872711398,0
39.11890815598673,63.43105721028604,5.0693443370362505,17.978012884080194,1
37.70278617060281,59.5308901731806,4.278262446662747,22.457147263600998,0
38.20031248852311,75.36652752527286,5.176820872139398,22.848801785993235,0
38.50262184985909,81.85704154662997,4.4533199154127345,20.977408657766453,0
38.52349029688237,77.18953310665067,4.728344889673947,19.50577399380347,0
38.274967264260376,79.96047685805816,6.673452090298537,22.17987694750023,0
38.811424966173746,62.43204911430539,6.3404610517903475,7.338769573901573,0
37.9661897853087,55.78189333258156,3.7004187630724026,23.410347450313157,1
38.42881025748935,85.01333651955487,5.829732417879175,20.630889518309836,0
38.56014781585595,66.77320161157864,5.811396554491592,18.887625516108674,0
38.757219417029376,67.49166983544953,3.8517367112473817,30.23431097859779,1
38.85580743904445,83.28194141849058,5.818777643754861,16.625329906047238,0
37.937678954081065,75.5623000940066,6.537931918412553,17.984620054674846,0
37.73294291463219,74.55887772081607,3.877455193755586,29.95776651102367,1
39.138838410949255,91.65002344901083,4.0824971789857365,15.839693475750718,1
38.666157005989795,63.564817696198574,6.017661466843503,17.249423585317306,0
38.12575673172172,79.27840128081237,5.271495310825648,19.26487288284575,0
39.275575987761265,70.57013124897084,5.551476275239523,24.203672410647748,1
38.55783731714643,72.68592278863257,5.340589216400497,21.039012536766567,0
39.089648592031914,85.28468426412532,5.390695920928144,13.536873264238686,1
38.53375924070505,75.07835756289624,3.673527871688917,17.33915718436405,1
39.53037396244099,75.38296079049633,6.047317706621448,16.963227833938944,1
39.3776704212216,80.72507337309803,6.169589992427774,19.613894773884773,1
38.37551792576046,66.35047270457115,4.770609255931972,22.129218293149144,0
38.98578547547718,61.607903326609936,4.956523050186138,22.09102877943986,0
38.82268797479257,59.55190805978967,3.468892497444278,11.11994122975799,1
39.18431577876618,50.33643410623998,5.514254756017835,25.319704937804282,1
38.017538269709945,90.56207129940321,5.572057441714144,21.262844229983116,0
38.84302572999922,58.96791634278317,4.937808983000689,26.92266023796953,0
39.029212243424794,67.78746376414227,6.1243533598705024,22.22099163645336,1
37.620630256788445,67.2318670011108,4.665922769020059,25.50661478867881,0
37.90837074366711,73.07406697809101,5.5646059258936,22.332726557250634,0
37.48038391111995,78.15737212539297,3.980335661307884,26.73112878101374,1
38.365296582777724,78.60473488359746,4.976447849125762,22.611253180088895,0
38.85877112789798,64.16922561431062,4.825645742097164,19.51042376778548,0
39.251178526048015,68.32878286213588,5.225307922040941,31.362173602234407,1
38.537047390209885,72.825799504883,4.630473071166642,24.44518561139946,0
39.31430777278565,67.51308873816453,4.868527404328332,22.868722105022066,1
37.80994927089255,86.07345576019992,5.826047171441506,13.61847791730832,0
37.648308780322424,74.90974951638252,4.563235762761782,13.558461912682311,0
38.47222615055169,77.34877786049817,3.3934228992613207,21.463577410709267,1
38.692032724469655,76.62881268667412,6.749583904205421,20.727605988841205,0
38.483652625952956,81.73473857485325,6.381454078690487,16.929387174958418,0
37.466278949980065,71.81021558703706,3.7077373048943816,20.7049134980603,1
38.455439980243604,57.03168052044153,5.689707805245194,27.943134640217977,0
37.847765249747575,73.99687951752642,4.497025229448657,23.477012372751492,0
38.83483627441502,63.48643106208171,5.263487215331059,14.294957451236309,0
38.68329912304842,64.71383318250243,5.294224129013494,19.442455864285282,0
38.03006010683632,75.86364018755093,4.765592199683678,15.975167595737195,0
38.24306654133165,82.38283071433636,4.2162343344136035,18.061500417957195,0
37.970393239055525,70.21271576736062,4.309458947683741,17.931921671851786,0
38.46866045136341,73.08833012598964,4.083808084518758,17.611772086979975,0
38.97757116025062,87.02214944635239,4.168177791769555,13.724323140133025,0
38.00713697683223,72.40753179488568,4.932821709950645,19.36172659240905,0
38.75202325775892,96.01683114180395,4.284240010889248,17.19696181576345,0
38.23487119081378,75.65509645631545,5.68205206571262,5.35275654998866,0
38.10356358386883,52.39237240844182,6.487246155335927,30.264860122508317,0
38.44648482002272,77.53341621104532,4.419946758629957,25.44384827108336,0
37.98237883879031,73.81158384882778,5.239404500535377,18.11849637537502,0
38.22317534732641,82.89752754082745,5.499685110302934,20.094095248702992,0
37.901061053705575,76.73181351269959,5.472002270919274,14.14172826341219,0
39.48236256645819,68.61544016016227,5.075955267916087,28.47861438905433,1
38.51763177598586,57.757017637106344,5.742682418359722,29.486443473865556,0
38.15013724600371,67.90976742713974,5.482248952680657,20.783468641232623,0
38.60698995536711,61.494795457907,3.762337577672702,25.117653220926723,1
38.443835975154585,64.19476550195277,5.869156064389273,20.87643389466962,0
38.38951520023339,75.88578404420609,5.887290837266742,13.316372805620347,0
38.80708335002171,86.69904504351406,4.236713895821419,17.940883155181712,0
38.87875385502365,73.9467152982298,5.037937835447602,20.659639833859785,0
38.23474942619474,58.04116937964815,5.683328992811069,17.72726140628278,0
38.21209087967766,74.4460266822014,4.790686180420638,18.90673361282482,0
38.36247415142418,81.96631486645651,6.072978047766012,19.54300221245443,0
37.349039417632206,63.90217095680618,7.363872494619361,19.595607510672693,0
37.74240446890072,68.65982833327082,4.214013967365018,20.261292452487417,0
39.183437133722265,70.14688194729197,3.618955396846225,14.696974668016995,1
39.322483856750644,62.151016869177596,5.303818595604875,16.41491925436032,1
38.375481980221814,76.4828043384386,5.721562505126143,13.577078671500153,0
38.78827848152788,68.79051851392218,4.769133626155231,24.889077748431003,0
38.655625077271765,74.19532443907028,6.453260663321034,9.471765290798377,0
40.03944040422762,61.125078221978995,3.661394200276751,25.767951716584626,1
39.05978745571729,65.62541699676589,5.692918623031611,26.931746986314216,1
38.43604120425962,77.22381357827771,4.394139179241106,18.48909706508689,0
38.022229779699785,66.27166847908234,6.7193779062072965,6.984314560863506,0
37.69677683987121,87.26963851233405,6.992515353168118,18.193447190163546,0
38.60173181793361,66.00363814385398,4.2333434122166524,19.679079193555904,0
38.121824627357846,72.24684725751887,4.4504428640914195,14.947008900355433,0
37.788873145201165,79.3259083187309,5.859587886979802,17.423908030958785,0
38.176713557878735,55.816342670669684,4.612869350210485,27.650975994316756,0
37.9592259981928,52.39191188019224,4.954588782067762,23.324635811508706,0
39.34357081753628,54.74343685429905,5.02538842054241,15.3771794281095,1
38.94081987847473,82.62584103427182,3.080326843802344,12.01200415202284,1
38.496013679341694,64.48141854107553,4.986162253905762,18.364913411951143,0
39.23997206944501,95.58199285668252,4.310272225935826,18.93271610324781,1
38.53868415382381,64.35752401342612,4.506877177600228,22.480995936816583,0
38.06935789933587,71.84551303197037,6.443632003468814,17.323416437161704,0
39.26156203863483,85.42109952567876,3.7434931057207437,22.557497876809308,1
38.769455021842326,90.06092888159122,5.813205186747977,29.675770200301145,0
37.98137692283677,90.61503576636397,4.721037069668191,24.077505112221314,0
38.4048306609582,82.08366230593143,4.720239831504165,19.759557463346137,0
38.06219087330762,80.24062525811462,5.790371896051711,19.084247644733527,0
37.80860013451783,75.92526949201184,5.34005129456889,18.216634329100643,0
38.96308877376582,77.78361076166638,5.570612997219531,25.903204562260722,0
39.45470832023506,64.48814283671467,5.968184660532861,16.863432770243485,1
37.80071621309043,61.81801116577693,4.668691616816678,20.22611354499991,0
38.78148461834529,69.96625542589048,4.38776326549225,20.255989509405428,0
38.174678715439086,68.29815377475072,3.914849473442202,17.49107903594234,1
38.256437308117654,65.46771950672725,4.174589470021045,13.137672260579496,0
38.20380303788057,76.96387447456715,7.949094425308726,21.61487251808834,0
38.06800461516009,79.5530520857051,6.244679580736786,19.694980140723082,0
38.52426081397241,70.88406886291847,3.6489256337919787,22.50120234718285,1
38.084524941794484,84.77530081055262,3.67754204325643,17.331998467804166,1
38.63522841288992,58.58310885866495,5.481866061718492,26.10410649406524,0
38.47488094527543,68.06340540720282,5.5472647973779665,15.616131093940776,0
38.380525976566794,62.831776793971954,5.548883835317365,28.560201420089463,0
38.0462181689792,51.3346338292694,4.745044206446302,11.261817450858691,0
38.21161433471583,69.17319314157301,4.8745457399970995,22.173850322784457,0
38.87769561291288,68.78252491616716,5.327879524159357,22.377153412633117,0
38.75045859381219,85.13449743242131,5.085893006293331,16.02221466029559,0
38.011222377600724,76.30811684554777,2.780699627252465,22.12196968930506,1
38.549666152714614,59.758131756707954,4.770200369424806,26.397593348800793,0
38.87569356168589,88.54092566334188,4.148593565739686,8.915905803229677,0
37.665297359439315,82.21033695525352,5.175211418908512,22.51372403745407,0
38.77168009618997,75.82097703468615,7.98525900260341,7.5336458983496115,0
38.16868812052708,67.73515901150168,5.367481665474305,15.17167598238396,0
38.78529933429658,60.405607632765204,4.686470313827602,28.145831824504725,0
38.11837042172874,66.27793223928947,5.921801501977252,17.09108983303973,0
37.59755894966774,80.88748619704185,5.482687887209213,14.130600177955138,0
37.68622878105842,88.84586305934609,5.4200944904518416,19.010311355076592,0
38.52404247333069,85.43243528272188,5.606850593215671,30.33953169081776,0
38.62986125086074,65.11150578213726,7.056543564829541,10.84158876396987,0
38.04784168744779,58.80382566710989,3.8691115646740846,14.743450441803278,1
38.819296229388684,71.40886246911204,5.473632076811454,27.487158415898133,0
37.66923996886552,52.31560634437149,4.0736188700184615,29.288511717688664,0
38.46696010067634,73.23167714184781,5.555512646342248,19.48284387854858,0
37.89449190011877,68.52397413701331,4.0813134885139055,13.804736487366789,0
38.17408194609892,65.33963498131757,4.582633186394916,30.479217509045796,0
38.52369933565821,54.05296932733204,4.704910085762093,27.972211958745984,0
38.06979331735803,75.13600106569717,5.975816719344709,23.394734938811165,0
38.30772222788509,64.6729916033809,5.918454443942414,15.937988255312899,0
39.00314640460722,58.30083164289712,3.7542826235536157,19.754853295809816,1
38.211554065238424,41.2773778671835,5.054934110999849,19.198199594775847,0
38.91784605603257,69.72485094949364,4.2904201452508275,21.65425652307789,0
37.935146572671194,87.72251596669744,3.7414950893246655,27.25500719065668,1
38.76490208895764,86.6125921454787,4.782982949575629,24.397085205687016,0
39.22078431032895,65.42903743413729,4.6915172115441806,14.613119615076208,1
37.26417774993636,63.97787939638219,7.426716486345523,26.882482250097688,0
38.10155237226476,74.68774256075024,5.4329598253606965,21.565660700065777,0
38.78853606359027,60.016145608117085,3.622382499245763,23.43532897929458,1
38.398477306978506,73.01791899819466,4.435225995829057,27.332704296393015,0
38.68557293668565,77.6608027838469,6.021383295429398,14.442098752432244,0
38.19800740664209,82.26933223884308,7.088442772869925,19.820872106467686,0
38.54329489373645,68.99845923520047,3.4140166877620417,17.342727243203925,1
38.42216138230396,67.96326249823034,3.120075614860955,12.16070287317272,1
39.0838910308299,61.22017413243439,6.870965175371782,21.733549888024598,1
38.62721042165061,61.7311964596014,5.389614177370904,32.55778275792212,0
38.6688013310376,67.73521108098473,4.131707268123634,10.799611277471236,0
38.29406151693877,73.67365506816178,5.534629086122435,19.83859694475265,0
38.25619688796375,79.13584626233249,2.3642522609831222,23.20271467537387,1
38.28372090609019,61.96821049319655,5.003375506597161,20.615391008280906,0
38.69722607118915,84.92688568959522,5.327821172843085,19.434359737421296,0
38.28950775958987,67.2887639895743,5.92427013953783,13.503918182770878,0
38.64488742844821,69.78632705651565,3.986104047707462,21.163933714700818,1
39.537700399322716,62.527883208521764,5.085687161403359,16.21618011492037,1
38.935562351715845,45.75759739727059,4.074575373940412,9.050391475107233,0
38.33698823391608,78.8404539636105,5.255383755674317,25.972961102568654,0
39.10060696108197,77.36843897092433,4.104653677636976,24.79192909921021,1
38.29596231348923,67.18672442881787,4.5918991608397794,20.2583048842554,0
37.48093773241107,70.66990717224871,4.004184605209771,21.145373441028514,0
37.9959568445413,75.159392177041,5.651136241823657,25.371590063577806,0
37.56460403948707,54.374541431134574,5.858451116656665,21.121698283890414,0
38.32424325797935,64.70947322653706,4.765379430042586,24.520087773806573,0
38.50920918959478,77.94264679621827,5.038237994960029,18.51258899563075,0
39.33821865613764,57.45710576830751,3.551408585366456,26.559918692869733,1
38.66346368688208,72.9355793216663,4.700323351993213,21.603928629663418,0
38.39044973559557,56.43418195376595,4.949795382958255,20.97025971802937,0
38.91470279059175,74.66429982433526,7.6207930910299755,13.64969455643984,0
37.39443234549606,69.64358517702516,3.8880329742258364,21.434779271508543,1
38.61780727905428,53.848681840944906,6.464177238752438,15.840225412527744,0
38.88543259694348,81.64739354457171,5.996858773465808,16.808586367357528,0
37.76070687711008,62.65408423201951,5.280636404490137,15.923121858419394,0
39.07187702160346,61.89747562985619,6.758620484195133,14.668825340503876,1
38.66924820374721,72.00569197230944,5.372105472606863,30.62385701508481,0
38.2923560430496,81.48637349428715,5.389159195667928,26.656695309942016,0
38.81639093305314,59.841781810216034,4.946879346982454,29.601837510721307,0
39.635346428902196,70.61679849847971,6.223568882418627,13.88552490222218,1
38.59093312752925,74.28816500330574,6.0964692338108835,20.356268749554463,0
38.62411029315017,76.93105607263143,4.374322712503788,13.532461873979521,0
38.27031955022988,71.76441555277225,3.680752805401233,16.52152561401468,1
38.075077815267605,66.32972160916678,4.797019362604343,15.409365082917127,0
38.915167908272124,61.724097793512804,4.199961435602353,26.197920032207808,0
38.071958087045566,70.86143883046375,4.936475425384645,18.0188516094912,0
38.53578311860969,59.27860988014393,6.237438134684139,25.34189666847008,0
38.26117127661744,40.78649516505393,4.54269834491321,23.02060444794259,0
38.739489912873196,74.36559804157667,4.957176618688425,31.518193760523943,0
38.666831052643474,79.03934841086195,5.058022734808395,12.60277888430138,0
39.01876997212895,46.37067564458162,5.848430882205284,26.296166198933996,1
38.24499180057263,59.90269295290062,2.753110666015395,25.732204352003638,1
38.36506253235331,76.19154261005198,4.393299705234703,15.133105809864826,0
38.01061814210885,90.574954697117,5.211283692279473,25.0356666823658,0
38.277853369961946,70.20793707675408,6.200078956426861,21.680724815131143,0
38.68865024652243,62.71997058770866,4.508097552493795,18.86261870023296,0
38.87849430832268,68.1710355889516,3.123447293958126,15.880322565140002,1
38.03891733791119,83.74876419148185,5.619711445966137,16.40445274275407,0
38.93480296005283,63.54035820875465,4.364637611174371,30.24906047892963,0
39.17781892940248,62.00807993349746,3.8103333409096387,20.003414094787413,1
38.70671745161185,65.17256477817968,4.375654610286776,23.910650007657296,0
39.438397906279036,60.466713917412875,4.81547464234415,16.045503091662233,1
38.11310540044821,71.22670315994796,4.395255335461787,16.100735268891807,0
37.877672648344294,86.2467845846956,2.794433942900931,25.40992404624971,1
37.61063987554786,73.23079273116029,5.897066196887132,13.252118942242339,0
39.24802215574459,67.47646497873713,6.274875041278722,17.923931160473643,1
38.82718282817703,67.08188731084456,5.651521991339505,20.17013705536116,0
38.472207664544776,54.36809191303343,3.8623143295751836,20.556863009200264,1
38.63998431315991,78.83109777147159,4.798508466052482,19.10453357491922,0
37.93725547635081,69.22162802987198,4.993478684770542,21.979098905479617,0
39.722875989808415,68.19520086409375,5.598794389561911,23.464278779089057,1
38.56461059098761,101.93107567844861,5.668340488718081,23.67318772729665,0
38.55469739730245,72.98752908365687,4.265826201221504,15.070980956660867,0
38.862883311949346,62.48208949904816,5.081995556413561,18.579224510356013,0
38.74050461586835,65.73642403794457,5.457280404615241,25.97381430938469,0
38.611942012139565,81.48445709196756,6.4558223221467665,24.47323593786936,0
38.10476277227735,71.13270410537764,5.704506539824723,13.135702742594681,0
38.735734178567995,55.61722021682633,5.789056687375519,21.757399501761007,0
39.44101224823752,79.19228934575203,5.083826627929361,10.108873753125948,1
39.17271002307749,63.31855914461006,6.410459145203504,20.234674510301847,1
39.2965933133197,88.73297776217545,5.409762795959497,29.488835083729885,1
38.244392161784404,80.80048065714648,4.138912089826429,15.260536413655068,0
38.00519758987071,65.52678104341248,6.4033699701251905,15.82838477254209,0
38.43710653995018,82.81016361735112,5.697903272539028,23.820148907864297,0
38.52786245614435,70.67855510527403,4.5569559788715175,12.28599242395177,0
39.047095759235475,78.52773675122219,4.520507032600757,16.836224850574805,1
37.65376768514259,74.84732817294474,5.296575545140762,22.982205687908763,0
39.264775159730306,61.536433450091266,5.463184795267585,16.828570761552985,1
38.42099605071051,63.56450167682538,5.197292265631207,18.820150063945142,0
38.28655946502629,80.29960817581161,5.311308673442885,23.720928551575174,0
37.99394781236992,66.65224667893459,6.69995737457638,22.107730417682806,0
37.672571664067114,65.96351536758003,6.071543152234886,21.33409198147701,0
38.911585291980956,60.44877420650647,5.190635591265024,18.304388603649805,0
38.5366589835942,74.23599065593461,5.9413105807674835,21.850305576344777,0
37.85501955012947,90.62524919243145,3.9674760964724607,19.381336599501218,1
37.85246061396819,59.32467085745727,5.397927049946809,22.289028049628925,0
38.332107650354935,70.24219456672758,6.80930634973311,17.51533987441011,0
39.3345107626447,84.12220555415429,4.781954104607626,19.087155128102296,1
38.370204324318195,69.20358608754285,4.152366071380915,15.05021103723993,0
37.74842852344095,74.52371796249734,4.3479111114069395,19.82496194996882,0
38.37712846795703,59.376064718531204,3.9103669626576116,15.944995681855776,1
38.363638215126166,74.28307097207649,4.215238091872297,14.429767749190034,0
37.15155667852921,68.12855734995452,4.629491901409971,21.293305739276942,0
38.472852566741096,79.85729995679863,3.5944329808213578,21.063698879288303,1
38.384532734895664,81.87386051564751,5.015618333949603,23.914368674742864,0
38.84810318240671,95.89563642018614,5.902277173786647,17.844372152124507,0
39.424478047472675,75.79633173213576,4.0922438198530795,22.04026423418378,1
39.06328251477388,73.25796316582166,6.519283923641769,22.753987861368316,1
38.365555654722584,71.94384301577335,5.5107920885275945,22.223869039157975,0
37.94673704562916,66.46833707189312,6.030580585624057,15.87173158598929,0
39.78667990162493,73.38483843461691,4.342165446147863,20.746817411355945,1
38.52960921700724,67.0459858986097,5.854525227066616,21.820701480273307,0
38.50696464595647,71.68460976269614,3.908066099604687,20.03589233453971,1
38.487937456444996,83.17597535607959,5.890247500836509,9.567611708144577,0
38.59904238038393,59.934574347203586,5.171839339793531,20.8024481198674,0
38.42781979403803,81.39878561129045,5.553251219984784,31.06265519698621,0
38.21316899655988,83.17115067339866,3.824405394375148,18.199803656215085,1
38.226570529379806,68.81931473008922,4.104930157723396,16.359614510723393,0
38.483623364892004,48.78145100991405,5.597228218253385,21.86674279855699,0
38.228287614433114,63.921780129055676,4.051651995775799,21.561891052332857,0
38.14357710866142,82.96994546561109,5.463206292099123,25.96367582708207,0
38.55321511384595,69.77131937701118,3.6328621935397543,13.710659220455561,1
38.37251139128957,60.00697767705089,5.8481742126666685,23.65690126287496,0
39.25199649429135,64.95225078771783,3.767476685231491,22.952110306257318,1
37.17451509580349,78.40620026504553,5.552299937679523,19.28926731529727,0
39.04575342596123,75.4673356820138,5.625630933646001,21.69343658960845,1
39.123042596248816,67.61067900830305,4.303228181570425,25.147287407991787,1
37.46330488379593,66.33175588185313,5.582026567084727,24.361576900142254,0
38.32865620295983,66.08241850956178,5.260442263333556,14.284903439631357,0
38.3142795670021,60.77589815501497,4.461158143807261,24.10079093377742,0
37.79624415264109,86.15375689469442,3.9914453159237917,19.676556974837407,1
38.111091656204565,66.7767953078866,3.037374308327421,20.364370490077576,1
37.944712077267084,82.17158520825497,5.3496500472996935,20.36598495500847,0
39.37613522171181,85.21316051922452,3.4351972286379446,19.2487850560087,1
38.96783919657373,79.9831089814796,5.095344199441308,25.958537485535324,0
39.13577754749708,65.68379687281951,4.736551783917751,19.58141020075394,1
38.860836032021616,74.03730090336609,5.679142775438195,14.402269358084157,0
37.93547411439138,69.75804393609084,4.697954500510136,18.032350720151356,0
38.23773986686011,60.96298139269872,4.6705522136529085,20.893473584052376,0
38.74468728061396,73.24359281721603,5.731870704288296,26.146073921485254,0
37.88893609555403,58.20960208840198,5.335058029084117,23.01547342474417,0
38.856499215086195,81.87679388461564,5.316155957182779,15.74732360626478,0
38.37983730092093,65.35382702701607,5.469267589808526,32.425949583394456,0
38.3125895962252,72.0115965587284,3.464427876792894,21.3238765548899,1
38.85547998410175,72.83287871546142,5.756788679986982,26.376953689995073,0
38.72213165574302,67.41095026295923,5.612468794013602,19.241427832113853,0
38.31951691709046,75.86693801475275,3.9833168714235025,22.666796223527246,1
39.07966490168212,65.25096343377476,4.7559195263257985,24.197342522592024,1
37.959468336200054,78.71297297457244,4.960692712372369,26.09097355877128,0
38.80796780347213,56.54020319753251,4.865503215598268,25.286841526891124,0
38.79655062898419,71.26379579546412,5.333859966568535,24.360985000364888,0
38.345226780343005,89.38928999058285,6.4313667818311835,18.424566344029458,0
38.66306651112106,59.99668675394425,6.081766727672829,17.14126979021969,0
37.874443211807346,63.222550294751485,3.6877808065685937,21.663037551620988,1
38.96201350960345,75.13907849658915,5.6220699903060485,24.665640361705346,0
38.40754893177851,71.79581781939598,6.32893331953541,18.886396496116966,0
38.23863848974048,73.50630099273559,5.386808520689202,25.325859828571932,0
39.02450461291844,74.89187130147664,6.0909804251859665,27.263083727430896,1
38.14782815472862,76.3472146856177,7.012270445700765,15.418395404632902,0
37.79576935181822,81.09699841956223,6.023709546106981,15.8153964810186,0
37.72168541323805,74.09818656928513,5.249308595641729,19.298124705473317,0
38.80300497567282,67.58742345381458,6.0450884740847535,21.538063340945982,0
37.85978532375186,76.72573701202731,5.144887833096891,17.377164931164746,0
39.37739709099218,88.99881934895215,5.023903043284956,26.76101339433572,1
37.45903529605814,68.67366253617426,4.648585764286268,22.120334307592255,0
39.34822818414502,60.254706953293585,6.563413358832108,20.197235241203696,1
38.60550873360131,81.07080669286972,4.181571334057999,12.820452380657361,0
38.45164344406481,68.79618836046401,6.5323677246781156,13.420920917862464,0
38.22754045659553,48.27330453985964,5.499864123740371,21.405046251409033,0
38.69956805717604,78.47421677150422,3.6006938251980585,9.337021869225818,1
38.48118264878757,64.64671814046078,5.3676492929914215,25.063187048220357,0
39.05165094100826,69.0946671769584,2.899973492348376,19.209230778138398,1
38.55711382433102,73.31980330569014,5.625508016831036,36.215464847973664,0
38.57515088073094,71.90499679779066,5.885231482988991,31.539581253080552,0
38.318193893893074,77.09451817139039,4.407644044347946,19.092754653762416,0
38.47152718813947,65.64513629430157,5.123547695955582,19.468314987343426,0
38.65390088444603,75.13105798176083,6.954157433750286,24.97790757001015,0
37.64491580367169,67.40453322416083,4.494253295738063,28.515863049590187,0
37.82590728894714,77.38810480887503,3.9410924129433997,11.809854712819917,1
38.87163204701136,76.15367484013053,6.4816634024625985,11.068122673226567,0
38.585432719063974,60.645612979554045,6.962587190530795,16.889825972228092,0
38.40800833182366,80.85982116175032,5.003695671847847,22.91368791586932,0
38.5092169665327,64.64036554885952,6.011463035408356,22.484367952537987,0
38.67379085268084,78.08057798281145,6.341475915530881,25.34885727491925,0
38.23012015984532,73.6728731340134,4.257515767461616,14.001512358173459,0
38.110847637298846,88.38183676795123,4.5146941646321315,8.419280685155616,0
38.59792262754884,67.76534017628148,6.230874513154735,24.290070976510727,0
38.01081361119248,66.50683203881802,6.685014278708509,15.859018635173827,0
38.704126377857236,69.80580394112268,5.562880860174355,9.90756067805681,0
37.64870819788108,66.96820217165724,4.120185646497946,20.725318729796907,0
39.01457781866282,77.9994190194205,6.987061111699441,23.965878441093388,1
38.73629874120652,53.83689391563412,4.469029102188036,19.389714339393613,0
38.628014867156935,59.46317580853646,4.6648622188285485,17.710758069087554,0
38.99134549197276,59.32197078420807,5.342337834489621,19.203188839270467,0
39.33273722223129,79.50307591973575,6.554160420714775,18.147086187996084,1
39.007185032509064,87.10613372581925,5.853975976552224,13.259764440299165,1
37.57956288433418,68.95550781462528,5.414865500361911,16.426596615047842,0
37.86021151663215,68.31178276809989,5.463288530118106,22.606399525069072,0
38.18759071115216,70.70052163113182,5.043514668643466,21.6083927068825,0
38.51304552510542,81.6187830260819,5.558139514518507,20.8402990298341,0
38.75882951023456,60.72646865809426,2.470439922305697,15.024257590733104,1
38.137128093423264,72.38368982734785,4.703392540930202,19.092484189321663,0
38.59338338223854,79.7519762978243,5.2413219349167814,9.114674767785726,0
38.122308533823336,75.01094169939846,3.848985916380493,20.892383319426948,1
38.19424109850402,71.89581616598744,5.38632331781156,27.144288539067837,0
37.79666945157589,80.01046092567141,4.795528779013878,12.629339339789471,0
38.038383376944545,42.967677070007625,6.7554756983154896,17.070361633411224,0
37.824157697191836,76.77875319530908,6.573019725214857,21.64553389355065,0
38.01206337351133,63.45924316872576,4.534194430881837,26.264213172137417,0
39.02682089830392,51.69367103143543,4.8491622884333045,17.758876918499254,1
38.02530055558403,75.11202599524981,4.9260524343916074,16.538748353670517,0
39.81619103241869,83.73658545162958,4.548340523840377,10.155384287919585,1
38.74665895044045,68.62551485372308,5.195024984028127,20.51719064654053,0
38.59241806184744,79.52874547202939,4.24171793111241,30.21038020071872,0
38.070821109909396,86.12278257988646,3.8693846650624737,21.38679230982338,1
38.850154939704495,83.14914453584048,5.622711223900269,19.888605104081435,0
38.21218108688111,86.39964529371393,5.629529584221811,21.61041155383493,0
38.56100490732268,77.42127491071892,4.195684240340007,19.94453998025699,0
39.7800422691344,70.75433638901593,5.895355430762599,15.934928138699352,1
38.451970050137675,53.980341881028316,4.368422270834668,24.116399578388528,0
39.07463666314284,67.53937511870052,5.253165238037981,21.12880761555877,1
38.148411787437055,61.567534046838084,5.820344012612456,20.088066259668288,0
38.48250575475152,91.70942717497815,4.966387435296287,15.123169863608751,0
39.385400317817755,68.24114187567663,5.454740912141134,26.517539659673794,1
38.18651647110612,71.23204806784486,4.483570356112429,23.32351372666555,0
39.406224278998465,75.51485376040468,4.803533416571903,17.23539581316349,1
38.85387596772774,70.43602446372454,4.7941405691196595,25.009124268409685,0
38.21876661205287,86.95051040430752,4.253421653459761,17.512145808073964,0
38.81620386952776,63.77350638265548,4.823225836884218,16.089982537444815,0
38.986277224813364,71.94607455237242,3.4513817011362535,16.201484412598564,1
38.8109049811086,62.57529414301952,4.508846252857896,11.144657234559544,0
37.71488764005477,56.79977488779294,4.715124506630329,22.35771190209103,0
38.13643141208757,63.882309090947146,4.74382024750462,10.84427560830825,0
38.37624068222425,69.62963202951588,4.758502554129221,13.857780843671186,0
38.46278328544998,65.7069777548274,4.938235800139871,9.622059954607334,0
38.81033604877534,63.07579020126144,5.479441518086064,19.569651536045534,0
38.58885050046663,55.93682536328166,5.874517074132522,19.24839769864064,0
37.83232782064495,69.16894427371305,4.350234773151733,18.36651893406818,0
38.69009892550298,54.952796259689975,3.7967991446108558,14.787111526647118,1
38.805292872641914,77.60055963689602,3.957955587756897,14.1388312328168,1
38.77989522396552,70.82439752934503,4.512797078805073,22.32184931773287,0
39.04039036277731,55.4244850053507,4.648078682183491,17.247240341457562,1
38.91696107727445,66.90790922950137,4.230003933802543,21.581791607680724,0
38.729590039614216,62.478435944094166,3.7038833357501053,15.573756569378887,1
38.46491714427068,73.19174510419181,4.543879172525812,20.905313713855413,0
37.669519533242,83.40450446023145,5.181426620113971,26.516390186580317,0
38.714809109566296,51.248275303542556,5.595029465835565,22.930829001963918,0
38.60384384358156,71.15026079147417,4.442576946891679,17.937930908917597,0
38.63578941859769,68.3986720443336,4.587002177856566,21.285994851779638,0
37.86162571208985,76.71340076450466,4.07330169115269,18.796674127348936,0
37.959471729795865,72.1319662823769,4.968560829625224,20.03940092347364,0
39.02657642666645,62.48030668261181,4.151571365809185,18.371944739257483,1
38.48022242307167,66.80946064333382,5.5731278132412,19.178323970573043,0
38.84075034868631,62.03974143196511,3.214133508065889,21.060466765370876,1
38.51415918806523,80.76007138598598,4.640370327547537,15.033206502090247,0
38.51487806974787,70.21311648671943,5.301107339191742,14.920605865050108,0
38.969141902988,89.01190685753008,5.183834516322504,13.057287230843944,0
38.24197763589131,69.39339186185379,7.693033663980497,11.99864447748145,0
38.54806038847049,62.91593233089537,5.349800024567908,13.913586538897604,0
38.26886235564748,54.862856073871725,3.9959454031579895,20.797312534020644,1
38.28275188628384,51.96860323744055,4.904535752910927,15.53606242254058,0
38.34541393826568,54.158640569945106,3.2237536665335482,22.56807232115548,1
38.611066885816854,72.67126651011483,4.919400250703239,20.17356874376281,0
38.260625689168265,75.08725023229934,4.166943942999241,10.157478932809731,0
39.12787806278676,54.188092979678665,5.915390275560162,23.274877921108448,1
38.05269634889025,78.95038314076115,4.450459725404465,24.05399322795855,0
38.40656417791932,65.1693894831656,4.883234084204753,15.030686625825734,0
38.28013447086291,71.4679301198555,4.364442158595597,22.10095771447496,0
39.223488942176864,86.12220628255425,6.738851351853331,15.717508812954005,1
38.59827738825579,78.96839315865532,4.678757233882088,20.48835188374168,0
39.01592226973432,67.31469352094167,6.832557043479202,13.677507965225171,1
37.75721981348151,61.08807774584713,5.814151762118266,11.034467737327116,0
38.63352513293463,48.48184598670695,5.482066727335386,18.085914051935156,0
38.944815397811716,62.8084668075758,5.36873314731752,19.381355268625818,0
38.54114199463771,67.88869761172306,5.393797298216252,18.01160153192698,0
39.032740187532674,60.12820472848816,3.07232742065439,14.079847208887202,1
38.24135577494982,68.68743032907695,4.721116605849243,18.000504689344314,0
39.20467372009279,70.76851882958768,5.845157971184322,21.34647376290367,1
39.64944906180963,67.75144018191921,4.951102816525895,19.775534849387316,1
38.31858071978017,63.4999741917654,3.594810153196425,20.91250515299607,1
38.277248739299615,71.68654671966728,4.94759554942253,16.649423997728835,0
39.22669223855885,74.41940649569409,6.704105516255491,25.858589573580797,1
39.289786072865354,59.096009225571535,6.246891715534719,14.119133317226098,1
38.238569986423364,84.10932379746271,4.9379959906339685,22.437801485433592,0
38.28990659145207,69.01411867715738,5.951449277058087,25.90945546479981,0
38.35910769556975,70.18849622944848,4.633492979631948,22.40454046374448,0
37.82777474448286,77.08214423256557,3.296128413173281,18.98737886467585,1
38.0406740267579,72.33216131263502,4.075534011870445,17.358514766685104,0
37.99792961662396,79.53136633913245,6.562888768508198,25.18043825523128,0
38.116101217447934,72.87124165201824,4.726006918170696,12.885125373691634,0
38.48265755630661,63.87562625359562,4.756616020624982,15.149378698101781,0
38.61710736626826,73.61503525206102,4.70016180372512,18.01221117254139,0
39.27525024640704,58.56273792679338,6.904136589573007,26.18826878755999,1
38.000822979630605,71.08559705776523,6.625958915362063,21.89883818020448,0
38.99216119923829,69.6677000935554,7.218780233448134,15.159771207448774,0
38.393005577887244,67.9188314272746,4.840954789599949,18.448461473075483,0
38.475268145173786,68.71462488561069,5.295624488747095,16.92838427951853,0
38.8374097460833,51.18150954502361,3.483357450579209,16.451055038832326,1
37.93863898921885,64.51275092259039,6.476934426118275,24.894447792783897,0
38.691204873092026,70.92844901141115,3.8322204487320652,13.141284353682472,1
38.58322610410653,71.598563919974,5.216775563762629,28.043904278671867,0
38.74622563200408,59.72324859074042,3.902697472367156,24.141148450923115,1
38.64458432195391,82.65707840864701,4.4111331732613035,25.45430835301849,0
39.727650069955445,61.33825151785499,4.1627375689503,17.68530243987371,1
38.181130007874344,79.69457200526736,4.392124739324182,19.250296404604452,0
38.234501522499095,74.27194361871685,4.460877296851021,12.83424092737644,0
38.18842973678762,63.53772690156197,4.451731205074923,17.376687964665983,0
38.22226144041987,87.75310892609512,5.833333911780307,22.468274238215756,0
38.181306436346745,58.0636316824352,3.8951372069374797,26.48031530890698,1
39.09450826555378,79.19154173610002,5.220541427013867,14.464215915987742,1
39.21025212399493,80.00582318042979,6.217959152305559,18.17247031507367,1
38.21462685312526,63.293797909233554,4.486803635486604,19.24350389883739,0
38.08382221344789,83.92465300064329,4.282081109252398,13.021053989037574,0
38.7357077781932,67.49953485401048,4.769475374819749,22.956746208792,0
38.22388847785952,72.88693629279857,6.17972520836071,16.380048341286955,0
38.81646590887775,72.6032183877122,5.194107630953358,19.02304824411488,0
38.60146151042565,68.65691258529452,4.468785705392402,17.74025314044061,0
37.742127942501384,78.10808273159782,5.48387665118804,16.053307471401627,0
39.273752600665034,77.93488720552213,3.8977078501635765,19.964775072597227,1
39.39793883654776,52.51468026761819,5.681359510442948,18.92195210715989,1
38.1936056547578,83.04340242878152,5.408607307701768,18.140710588606673,0
38.306149220032005,53.37508011964326,4.692191528861116,16.357691891598286,0
38.642932695362454,80.32546204341658,4.161414201552769,21.597623353914777,0
38.667228394993515,81.26705136827583,4.113319077716543,28.268086342461423,0
38.829272136336414,59.09033569784802,5.5348173363459106,20.699436164195635,0
39.50510226938317,65.89185712045415,6.228980502489062,24.980591074555644,1
38.41152638625297,58.94295331514064,4.362692252971205,13.048890374232688,0
38.10085137773077,67.85078969711265,5.458386703551485,20.78880719646885,0
37.81034038599274,66.91965715814258,2.9129729813979313,14.513158405144667,1
38.13453498002904,77.7966053226934,4.415382269342801,12.615375362340494,0
38.4834365135631,83.10308746119608,4.968941067129098,16.30314296270482,0
39.39727893175889,83.95683810789956,4.090316583018167,25.959496672067864,1
38.24119435048191,64.37831973421697,4.063493625210404,24.750079143348227,0
38.61189397581945,67.90778126255472,4.332220443531114,21.215023610272,0
38.49178855196362,53.1656180777905,5.292192728326373,12.336497200550346,0
39.09419663672404,61.94129933503811,4.812670981593626,19.018596743060314,1
39.76346621293681,79.64851633097457,2.761768766675028,21.50850004450868,1
38.23456561353984,86.15582823548232,2.879299847364934,20.87768114789299,1
38.25528027874089,57.65651128120078,4.393134822142825,10.78103208259627,0
39.02208043853454,64.07535740847106,5.457686586053552,15.54841075990064,1
38.840945744813155,69.73594243041073,2.2524951572747653,19.679611179256415,1
39.42335366286802,72.80161158819607,4.500269823848369,22.68145454758595,1
38.79196409266298,61.90396480078354,4.473752143482579,9.019360894500268,0
38.32035395460647,74.2406104446409,6.388337778208448,19.189380122600706,0
38.79532741534616,65.26160652929084,4.614978188287136,20.71524384939476,0
39.054351790291456,69.85547729121721,5.382988984740928,24.248059942581065,1
38.91024109059868,75.462842480037,5.141257140087463,23.464287921187182,0
38.75363701555365,70.06422269810938,2.8694335201927994,22.912856594044026,1
39.033337344794575,65.63614109473431,5.768207216631737,16.00029746649033,1
39.084647795222835,68.90390196074169,5.215396505456288,10.459989314383462,1
39.191079495518764,69.11637040794665,5.50826863967459,18.034736214692995,1
38.82435494379482,66.29988970117873,8.926237706436327,25.0081591260428,0
38.41644095984157,67.41203937332898,2.9158870605014116,26.96727263762216,1
38.573356843216665,85.98647170504717,6.724696649761109,23.552745511488926,0
39.103254483254176,75.6091944794124,4.712552480599644,22.14670411400867,1
38.09153216450638,67.0451968197084,5.287328904403009,21.898198241929826,0
38.68433665443645,76.96954404510736,4.954487754698758,17.219406266196096,0
38.30333059383632,66.6618051024399,4.575763666601956,19.3496985322319,0
38.514372411467406,81.73124637586642,4.430167071761241,28.345347629131656,0
39.13922593130365,73.69642192198094,5.329508735573009,15.287209971040618,1
38.595549534009955,68.92697855995772,3.482826303328321,28.07389395354926,1
38.523218274078076,74.47716925810278,5.7505791675217655,18.38985922753971,0
37.82007192951004,54.291238479315005,4.583805595114746,26.62716054547539,0
38.87312678301361,58.73232531090195,3.869930660959642,12.965924952512308,1
38.822742090570536,58.060749936009444,4.549987142004186,22.929521005823247,0
39.58162736165273,71.42943094763707,6.257149216862572,16.31614932026189,1
38.3461108825235,87.32514999485092,4.4646649129837765,12.923664040379062,0
38.60957516383197,92.31300146192632,5.35845361820962,21.092670212054728,0
38.62469184185538,76.38051101440757,4.2690437242845265,25.047358942979844,0
39.28872663988174,75.00844474944456,5.757921849923619,15.775292807032518,1
38.45235223380652,51.989422658472606,5.685507738790204,12.504920197707994,0
38.639510762885166,64.57326200265979,6.848608833296412,19.540776178325224,0
38.80394825485827,62.12216248091761,4.824436054500785,19.562823356114095,0
38.59330456157818,63.79152401748884,5.668654804757907,22.741598137772492,0
38.276783192724736,68.3185618141521,5.0980675395389445,24.747972856822443,0
38.597044996449156,65.27909422302872,6.295871781863014,19.70292409363753,0
39.036815874929886,50.20700189624212,4.28116761239127,29.277516573971315,1
37.98674235029447,77.47910256117534,5.745005312877281,21.12117372267646,0
38.56648483707344,59.27256974260193,4.805302703883318,18.267867469965502,0
38.149939592530416,72.39246864111149,4.935811822891503,11.94216320448586,0
39.09752331446242,90.74082669749973,5.091752484448373,18.68670239841916,1
37.738406547608115,60.80615408413577,5.252240396426678,18.31806527294432,0
38.220539076364204,44.697124772536704,4.883770956878042,24.80152398140735,0
38.68860593753226,67.13995778119889,5.2147131831705265,22.31241812033427,0
39.28276201461717,81.00959634998571,6.578118057562184,14.103154391836913,1
38.467124869463504,89.58347454220593,5.985449685615219,20.86127193205519,0
38.2224002366534,57.70450405547583,5.869154592496897,23.357655858645266,0
39.440578534720295,74.96699223236521,4.544460473976129,27.640156796939163,1
37.77599304979188,65.34689543219946,4.110759171771676,24.437519837070298,0
37.40059702168996,68.94051645695865,5.955300558237753,23.80423327155739,0
38.72000722502666,96.44343347017035,5.876046792529794,20.30042997307582,0
38.2489728878237,54.970296716048466,6.472670675750982,21.941560027117248,0
37.989383591434645,72.53739661494573,4.396019374030771,26.247524503530794,0
38.854178223649676,74.67693171765433,4.770451344639653,13.336113012601752,0
38.6219003568856,80.85786324939347,3.3605158374745656,18.25280336391522,1
38.217960684631635,70.97983153470895,4.6075288939391275,16.137156256218795,0
37.859847800664554,73.08050539504103,5.996570510579447,21.89576559363062,0
38.936228664140074,66.08351432578209,4.533504620771802,26.151110878253938,0
38.82510058897933,72.69126941245108,5.640479795200823,17.01512856639463,0
38.45041206811031,66.56807724502589,4.809496894002189,8.04847816265281,0
39.42331849802383,76.21571889856051,5.324057028221561,17.93889627487765,1
37.96495761683693,66.30389663956366,3.8523086101843327,24.567368660087034,1
37.73723741453763,73.77100393902187,5.085209449633901,22.688149514749398,0
38.154045965059375,69.70737186315021,2.0088640290992767,22.140931239052883,1
38.47720699182225,81.26050250772168,4.813103841838015,18.600033490627602,0
38.621669724661345,69.48606276411513,3.36952675628486,13.604846318901068,1
38.37938197107184,52.26967531793119,6.205994516546816,22.576471608122336,0
38.67602769825715,82.61921500713991,5.777407352764511,15.828590949826875,0
37.87423028790478,60.94267699137381,5.466670981966081,30.920483666902282,0
39.22188230203663,63.4623366135118,6.52100622715938,22.85253604177258,1
38.45892441080372,64.04338705956508,4.051083479175163,17.096758487230247,0
39.05864791579406,83.74438093170818,6.747363197915558,16.94307376305686,1
38.67136267318885,48.64325786021304,5.932191564260385,19.535278966932058,0
38.72837660957689,101.37748533659993,4.7634447127810535,18.80249038989125,0
38.7848836401161,80.56056809066052,6.135620147182944,25.584168877649773,0
38.72385428000866,72.23238914129159,3.893706487588366,20.932080848720233,1
38.82136137993377,69.45105999383713,4.175485838472326,16.341841305457358,0
39.164576265066216,72.85554074857657,4.3914102767603,29.45220342577891,1
38.598260584850735,75.21122428379338,4.471022291935984,20.246541657601114,0
38.85450187879426,76.45215585950056,3.9434423572397472,23.844198379844485,1
38.455132152856386,75.55604466003449,6.223083067095325,16.958867462776205,0
39.22005860772474,70.8958068125525,4.741145599630168,21.815578138722618,1
38.161803848970365,68.02661579692673,5.35250496835688,21.555549955715975,0
39.40047021645541,68.48726716346488,4.42964863358632,10.551753539519236,1
38.47992102467783,68.0509171964732,3.179396699451483,30.0763755523032,1
37.784612448940976,81.33770096867065,5.270057358391422,26.453222304612737,0
38.5640522074554,75.93556722280861,3.087745024580223,18.01402341927006,1
38.15947417126256,40.59611365335719,4.931365953914532,14.488651297720722,0
38.92032177449436,76.55900776529761,3.6316849611671893,21.73780806901776,1
38.173688010348805,71.94736194718774,6.987275999230808,20.433488497071984,0
38.27690828339261,69.81291243554102,5.911362722174721,21.778344742816145,0
37.55522963452724,66.11481546911114,5.10575379127148,20.957886980970446,0
38.27384684037546,81.24112719986013,6.263706677654668,22.53120494652963,0
37.28806033668552,79.47526462122858,4.153684022534264,27.236528496959032,0
37.708048588257135,62.27122332176391,5.543479378670093,22.840516025643232,0
38.880207328072146,74.07052287124534,5.199810433718714,14.751722505450294,0
38.892900079325415,60.28343265458714,5.26402008133367,26.81281426356226,0
38.71272878089248,56.203818352110694,6.272353500106767,28.203072817441438,0
38.01651192843539,63.73282775410035,5.732492102779802,35.760283672560426,0
38.47614432192901,78.62393472382759,5.288723662825023,14.38252983380201,0
38.49819873045472,79.53125045376086,3.345112563771704,21.214410065751373,1
37.92081765540373,75.13085420097293,4.039953704720537,9.589506484055065,0
39.251699150883574,77.25095786847997,4.8772910664042755,22.765745781896044,1
38.93868114528784,75.16178287114958,5.093372374276651,17.258998509166137,0
38.38951791308517,63.585184047770476,3.869796275326076,29.617228974124764,1
38.513442919497265,74.31922544673941,7.411676675578422,16.12692514990709,0
38.60419140397378,78.00409525227683,6.516394055253572,11.554084810163692,0
37.47913256578786,77.54291329813574,5.602118320392483,17.6436812964874,0
38.376411308739705,81.88913371474644,5.0720368612837445,10.122561143914313,0
38.1590078760011,77.08303847201064,4.787791030098848,23.75549727253655,0
37.99918999505254,73.51448207541583,4.0480815399777645,9.674584768718397,0
38.359449853557024,80.70150238316427,5.077480518518863,20.142287905915794,0
39.39884326342476,69.7347874075094,5.257752540142751,9.610940900719015,1
38.8204214306335,61.18125348772282,3.7582394245183757,18.39851097731679,1
38.2144105051086,68.36933036056236,5.3341764172448976,28.21689077902267,0
38.78629139067808,62.55097355193551,4.844740951175251,21.803239457178975,0
